,Dataset,meanR,meanG,meanB,stdR,stdG,stdB
0,1,0.501558602,0.380194455,0.425188333,0.185730621,0.132512212,0.142479315
0,2,0.499396026,0.378541917,0.423295856,0.185976952,0.132618159,0.143036023
0,3,0.503306985,0.382710278,0.428064197,0.185777515,0.131801218,0.14196758
0,AVG,0.501420538,0.380482217,0.425516129,0.185828363,0.13231053,0.142494306
